{
  "project_info": {
    "project_number": "46562990304",
    "firebase_url": "https://databaseconfig.firebaseio.com",
    "project_id": "databaseconfig",
    "storage_bucket": "databaseconfig.appspot.com"
  },
  "client": [
    {
      "client_info": {
        "mobilesdk_app_id": "1:46562990304:android:b770a90d63a11f3e9e5885",
        "android_client_info": {
          "package_name": "config.fr"
        }
      },
      "oauth_client": [
        {
          "client_id": "46562990304-hdc48eeiljn9vd7tqrdu5n76mmggju9q.apps.googleusercontent.com",
          "client_type": 1,
          "android_info": {
            "package_name": "config.fr",
            "certificate_hash": "e6d5351d79bcf2c002ab9d887efe4f82ae6c5248"
          }
        },
        {
          "client_id": "46562990304-ak9ivt4suvool98od0ufr5fvb25cgl30.apps.googleusercontent.com",
          "client_type": 3
        }
      ],
      "api_key": [
        {
          "current_key": "AIzaSyBJfXcUY79xTDAJGgTcfJRpgB5fsaMFd6w"
        }
      ],
      "services": {
        "appinvite_service": {
          "other_platform_oauth_client": [
            {
              "client_id": "46562990304-ak9ivt4suvool98od0ufr5fvb25cgl30.apps.googleusercontent.com",
              "client_type": 3
            }
          ]
        }
      }
    }
  ],
  "configuration_version": "1"
}